{"Name":"El Mehdi Mouammine","Birth":"12-02-1996","From":"Khouribga-Morroco","Adresse":"282 Elqods1 Khouribga Morroco","Email":"me.mouammine@gmail.com","Phone":"+212657075761","Description":"I'm a computer engineer that speaks 4 languages just contact me tell me what you need and you will get it as perfect as you imagine it you can trust i'm used to freelance work just give me a try","Skills":[["Languages","C"],["Languages","C++"],["Languages","Java"],["Languages","PHP"],["Languages","JavaScript"],["Languages","XML"],["Languages","HTML"],["Languages","SQL"],["Languages","PL\/SQL"],["Languages","CSS"],["Conception","UML"],["Operating System","MacOS X"],["Operating System","Windows"],["Operating System","Ubuntu"],["Plateforms","JQuery"],["Plateforms","Bootstrap"],["Databases","Mysql"],["Databases","Oracle"],["Databases","MS Access"],["Softwares","Android Studio"],["Softwares","Eclipse"],["Softwares","NetBeans"],["Softwares","Sublime Text + XAMP +Filezilla (for web)"],["Plateforms","Sumfony"]],"Languages":[["Arabic","Native"],["English","Fluent"],["French","Fluent"],["Spanish","Basic"]],"Educations":[["2013-2018","National School of Applied Sciences (Computer Engineering)"],["2010-2013","Senior High (Math Sciences)"],["2007-2010","Junior High (Sciences)"]]}